Regression,Classification
73.92003866978249,
80.90905141877893,
,0.6671966083730789
,0.6830948595654478
